mes_deferimento;municipio;valor_pago;tipo_auxilio;quantidade_def
2025-01-01;ÁGUAS FORMOSAS;2488,15;FUNERAL ;1
2025-01-01;ALMENARA ;1976,8;FUNERAL ;1
2025-01-01;ALVINÓPOLIS;2513,08;FUNERAL ;1
2025-01-01;ASTOLFO DUTRA ;500,0;FUNERAL ;1
2025-01-01;BELA VISTA DE MINAS;1924,29;FUNERAL ;1
2025-01-01;BELO HORIZONTE;1412,0;FUNERAL ;1
2025-01-01;BELO HORIZONTE;2131,34;FUNERAL ;1
2025-01-01;BELO HORIZONTE;2048,26;FUNERAL ;1
2025-01-01;BELO HORIZONTE;1466,58;FUNERAL ;1
2025-01-01;BELO HORIZONTE;750,0;FUNERAL ;1
2025-01-01;BELO HORIZONTE;1412,0;FUNERAL ;1
2025-01-01;BELO HORIZONTE;2598,38;FUNERAL ;1
2025-01-01;BERTÓPOLIS;1868,68;FUNERAL ;1
2025-01-01;BOM DESPACHO;1412,0;FUNERAL ;1
2025-01-01;CONSELHEIRO LAFAIETE ;1412,0;FUNERAL ;1
2025-01-01;CORINTO;300,0;FUNERAL ;1
2025-01-01;DESTERRO DE ENTRE RIOS;1412,0;FUNERAL ;1
2025-01-01;DIAMANTINA ;1412,0;FUNERAL ;1
2025-01-01;DIVERSOS MUNICÍPIOS;1059,0;NATALIDADE;1
2025-01-01;DIVERSOS MUNICÍPIOS;1059,0;NATALIDADE;1
2025-01-01;DIVERSOS MUNICÍPIOS;990,0;NATALIDADE;1
2025-01-01;DIVERSOS MUNICÍPIOS;1138,5;NATALIDADE;1
2025-01-01;DIVERSOS MUNICÍPIOS;1059,0;NATALIDADE;1
2025-01-01;DIVINÓPOLIS ;1579,35;FUNERAL ;1
2025-01-01;DIVINÓPOLIS ;1743,31;FUNERAL ;1
2025-01-01;DIVINÓPOLIS ;1412,0;FUNERAL ;1
2025-01-01;DIVINÓPOLIS ;1412,0;FUNERAL ;1
2025-01-01;FORMIGA ;1625,7;FUNERAL ;1
2025-01-01;IBIRITÉ;1466,58;FUNERAL ;1
2025-01-01;IPATINGA ;1059,0;NATALIDADE;1
2025-01-01;ITAJUBA;1486,82;FUNERAL ;1
2025-01-01;ITAPECERICA;1412,0;FUNERAL ;1
2025-01-01;ITAÚNA ;505,0;FUNERAL ;1
2025-01-01;JEQUITINHONHA;2400,0;FUNERAL ;1
2025-01-01;JUIZ DE FORA ;1620,0;FUNERAL ;1
2025-01-01;JUIZ DE FORA ;1694,4;FUNERAL ;1
2025-01-01;JUIZ DE FORA ;1000,0;FUNERAL ;1
2025-01-01;MALACACHETA;1924,29;FUNERAL ;1
2025-01-01;MONTE CARMELO ;2485,12;FUNERAL ;1
2025-01-01;MONTE SANTO DE MINAS ;1934,47;FUNERAL ;1
2025-01-01;MURIAÉ;1412,0;FUNERAL ;1
2025-01-01;MURIAÉ;2273,5;FUNERAL ;1
2025-01-01;NOVA SERRANA;1547,35;FUNERAL ;1
2025-01-01;OLIVEIRA;2130,1;FUNERAL ;1
2025-01-01;PERDÕES;1831,57;FUNERAL ;1
2025-01-01;PIAU ;1800,3;FUNERAL ;1
2025-01-01;PONTE NOVA;2541,6;FUNERAL ;1
2025-01-01;PONTE NOVA;1320,0;FUNERAL ;1
2025-01-01;RESENDE COSTA;1540,83;FUNERAL ;1
2025-01-01;RESPLENDOR;1412,0;FUNERAL ;1
2025-01-01;RIO ESPERA;1800,0;FUNERAL ;1
2025-01-01;SABARÁ;2378,54;FUNERAL ;1
2025-01-01;SANTA LUZIA ;1412,0;FUNERAL ;1
2025-01-01;SÃO DOMINGOS DO PRATA;1786,89;FUNERAL ;1
2025-01-01;SÃO JOÃO DEL REI ;1986,37;FUNERAL ;1
2025-01-01;SÃO JOÃO DO PARAÍSO ;1466,58;FUNERAL ;1
2025-01-01;SÃO JOSÉ DO JACURI ;1412,0;FUNERAL ;1
2025-01-01;TEÓFILO OTONI ;2070,0;FUNERAL ;1
2025-01-01;TEÓFILO OTONI ;1059,0;NATALIDADE;1
2025-01-01;TIMOTEO ;1477,36;FUNERAL ;1
2025-01-01;TRÊS PONTAS;1412,0;FUNERAL ;1
2025-01-01;UBERABA;800,0;FUNERAL ;1
2025-01-01;UBERLÂNDIA;1412,0;FUNERAL ;1
2025-01-01;VARGINHA;2485,12;FUNERAL ;1
2025-01-01;VIÇOSA ;1412,0;FUNERAL ;1
2025-02-01;UBÁ;1412,0;FUNERAL ;1
2025-02-01;TEÓFILO OTONI;1412,0;FUNERAL ;1
2025-02-01;BELO HORIZONTE;550,0;FUNERAL ;1
2025-02-01;ARAGUARI;2212,79;FUNERAL ;1
2025-02-01;BELO HORIZONTE;1412,0;FUNERAL ;1
2025-02-01;MONTES CLAROS;1412,0;FUNERAL ;1
2025-02-01;MONTES CLAROS;1786,89;FUNERAL ;1
2025-02-01;MURIAÉ;800,0;FUNERAL ;1
2025-02-01;ESTIVA;1579,35;FUNERAL ;1
2025-02-01;RESENDE COSTA;1412,0;FUNERAL ;1
2025-02-01;DIVERSOS MUNICÍPIOS - ESTADUAL;1881,79;FUNERAL ;1
2025-02-01;MONTES CLAROS;1800,3;FUNERAL ;1
2025-02-01;NOVA LIMA;2003,76;FUNERAL ;1
2025-02-01;NEPOMUCENO;1998,76;FUNERAL ;1
2025-02-01;CONTAGEM;1518,0;FUNERAL ;1
2025-02-01;UBERABA;1852,72;FUNERAL ;1
2025-02-01;BELO HORIZONTE;1807,05;FUNERAL ;1
2025-02-01;NOVA ERA;850,0;FUNERAL ;1
2025-02-01;SÃO SEBASTIÃO DA VARGEM ALEGRE;1518,0;FUNERAL ;1
2025-02-01;MANHUAÇU;1059,0;NATALIDADE;1
2025-02-01;ALMENARA;1707,75;NATALIDADE;1
2025-02-01;MONTES CLAROS;1138,5;NATALIDADE;1
2025-03-01;DIVINÓPOLIS;1564,88;FUNERAL ;1
2025-03-01;RIO PARDO DE MINAS;1924,29;FUNERAL ;1
2025-03-01;BELO HORIZONTE;1412,0;FUNERAL ;1
2025-03-01;DIVINÓPOLIS;1743,31;FUNERAL ;1
2025-03-01;TIMÓTEO;2774,83;FUNERAL ;1
2025-03-01;JOÃO PINHEIRO;2732,4;FUNERAL ;1
2025-03-01;ITUIUTABA;2231,68;FUNERAL ;1
2025-03-01;UBÁ;2774,83;FUNERAL ;1
2025-03-01;VISCONDE DO RIO BRANCO;2774,83;FUNERAL ;1
2025-03-01;SANTA LUZIA;2795,76;FUNERAL ;1
2025-03-01;BELO HORIZONTE;1518,0;FUNERAL ;1
2025-03-01;BETIM;2638,29;FUNERAL ;1
2025-03-01;JEQUITINHONHA;1466,58;FUNERAL ;1
2025-03-01;POUSO ALEGRE;1700,81;FUNERAL ;1
2025-03-01;TEÓFILO OTONI;1400,0;FUNERAL ;1
2025-03-01;BETIM;2610,73;FUNERAL ;1
2025-03-01;GUIRICEMA;2844,2;FUNERAL ;1
2025-03-01;PARAOPEBA;2134,95;FUNERAL ;1
2025-03-01;MONTES CLAROS;1700,81;FUNERAL ;1
2025-03-01;ARICANDUVA;2774,83;FUNERAL ;1
2025-03-01;BOM DESPACHO;1917,11;FUNERAL ;1
2025-03-01;PAVÃO;2541,6;FUNERAL ;1
2025-03-01;DIVINÓPOLIS;1412,0;FUNERAL ;1
2025-03-01;BELO HORIZONTE;2774,83;FUNERAL ;1
2025-03-01;OLIVEIRA;2732,4;FUNERAL ;1
2025-03-01;BELO HORIZONTE;1616,59;FUNERAL ;1
2025-03-01;FORMIGA;1518,0;FUNERAL ;1
2025-03-01;TEÓFILO OTONI;1786,89;FUNERAL ;1
2025-03-01;ITABIRA;1430,15;FUNERAL ;1
2025-03-01;BELO HORIZONTE;1138,5;NATALIDADE;1
2025-03-01;ARAGUARI;1138,5;NATALIDADE;1
2025-04-01;PATOS DE MINAS;2640,44;FUNERAL ;1
2025-04-01;NANUQUE;950,0;FUNERAL ;1
2025-04-01;SETE LAGOAS;1240,0;FUNERAL ;1
2025-04-01;JANAÚBA;1518,0;FUNERAL ;1
2025-04-01;ÁGUAS VERMELHAS;1786,89;FUNERAL ;1
2025-04-01;ITAOBIM;1518,0;FUNERAL ;1
2025-04-01;BELO HORIZONTE;1659,33;FUNERAL ;1
2025-04-01;SÃO FRANCISCO;1466,58;FUNERAL ;1
2025-04-01;DIVINÓPOLIS;1518,0;FUNERAL ;1
2025-04-01;UBERLÂNDIA;1100,0;FUNERAL ;1
2025-04-01;MONTES CLAROS;2844,2;FUNERAL ;1
2025-04-01;SÃO JOÃO DEL REI;2844,2;FUNERAL ;1
2025-04-01;RIBEIRÃO DAS NEVES;1412,0;FUNERAL ;1
2025-04-01;JANUÁRIA;1618,84;FUNERAL ;1
2025-04-01;TEÓFILO OTONI;2290,01;FUNERAL ;1
2025-04-01;MURIAÉ;1412,0;FUNERAL ;1
2025-04-01;SANTA JULIANA;1466,58;FUNERAL ;1
2025-04-01;DIVINÓPOLIS;1518,0;FUNERAL ;1
2025-04-01;PEDRA AZUL;1518,0;FUNERAL ;1
2025-04-01;UBERABA;2472,32;FUNERAL ;1
2025-04-01;CAXAMBU;1412,0;FUNERAL ;1
2025-04-01;ROMARIA;1546,31;FUNERAL ;1
2025-04-01;DIVERSOS MUNICÍPIOS - ESTADUAL;1518,0;FUNERAL ;1
2025-04-01;DIVERSOS MUNICÍPIOS - ESTADUAL;2774,83;FUNERAL ;1
2025-04-01;BELO HORIZONTE;1990,0;FUNERAL ;1
2025-04-01;CLÁUDIO;1518,0;FUNERAL ;1
2025-04-01;BOM DESPACHO;1579,35;FUNERAL ;1
2025-04-01;PATOS DE MINAS;1518,0;FUNERAL ;1
2025-04-01;FORMIGA;2314,41;FUNERAL ;1
2025-04-01;CORONEL FABRICIANO;1089,0;FUNERAL ;1
2025-04-01;BELO HORIZONTE;1000,0;FUNERAL ;1
2025-04-01;GOVERNADOR VALADARES;1518,0;FUNERAL ;1
2025-04-01;OURO PRETO;1518,0;FUNERAL ;1
2025-04-01;BELO HORIZONTE;2387,47;FUNERAL ;1
2025-04-01;BOCAIÚVA;1518,0;FUNERAL ;1
2025-04-01;DIVERSOS MUNICÍPIOS - ESTADUAL;2809,8;FUNERAL ;1
2025-04-01;JEQUITINHONHA;2671,68;FUNERAL ;1
2025-04-01;ITAJUBÁ;1618,84;FUNERAL ;1
2025-04-01;JANAÚBA;1579,35;FUNERAL ;1
2025-04-01;DIAMANTINA;1659,33;FUNERAL ;1
2025-04-01;DIVINÓPOLIS;1518,0;FUNERAL ;1
2025-04-01;MONTES CLAROS;2735,92;FUNERAL ;1
2025-04-01;MONTES CLAROS;1518,0;FUNERAL ;1
2025-04-01;UBÁ;1466,58;FUNERAL ;1
2025-04-01;FELIXLÂNDIA;1518,0;FUNERAL ;1
2025-04-01;ESMERALDAS;1173,26;FUNERAL ;1
2025-04-01;MACHADO;1518,0;FUNERAL ;1
2025-04-01;ITAJUBÁ;1786,89;FUNERAL ;1
2025-04-01;JANUÁRIA;1518,0;FUNERAL ;1
2025-04-01;BELO HORIZONTE;1980,33;FUNERAL ;1
2025-04-01;CORONEL FABRICIANO;1412,0;FUNERAL ;1
2025-04-01;SÃO GONÇALO DO SAPUCAÍ;1138,5;NATALIDADE;1
2025-04-01;BELO HORIZONTE;1138,5;NATALIDADE;1
2025-04-01;LAVRAS;1138,5;NATALIDADE;1
2025-04-01;SETE LAGOAS;1138,5;NATALIDADE;1
2025-04-01;BELO HORIZONTE;1138,5;NATALIDADE;1
2025-04-01;ITAMARANDIBA;1138,5;NATALIDADE;1
2025-04-01;MONTES CLAROS;1138,5;NATALIDADE;1
2025-04-01;PONTE NOVA;1138,5;NATALIDADE;1
2025-05-01;VARGINHA;1518,0;FUNERAL ;1
2025-05-01;MONTES CLAROS;2049,3;FUNERAL ;1
2025-05-01;BOM SUCESSO;1618,84;FUNERAL ;1
2025-05-01;BELO HORIZONTE;2774,83;FUNERAL ;1
2025-05-01;JEQUITINHONHA;2774,83;FUNERAL ;1
2025-05-01;JEQUITINHONHA;1518,0;FUNERAL ;1
2025-05-01;ARAXÁ;1518,0;FUNERAL ;1
2025-05-01;BELO HORIZONTE;1934,31;FUNERAL ;1
2025-05-01;GOVERNADOR VALADARES;1412,0;FUNERAL ;1
2025-05-01;SALINAS;1518,0;FUNERAL ;1
2025-05-01;MANTENA;2732,4;FUNERAL ;1
2025-05-01;VARGINHA;1436,87;FUNERAL ;1
2025-05-01;UBERLÂNDIA;1518,0;FUNERAL ;1
2025-05-01;JOÃO MONLEVADE;1200,0;FUNERAL ;1
2025-05-01;COQUEIRAL;2774,83;FUNERAL ;1
2025-05-01;BELO HORIZONTE;2497,35;FUNERAL ;1
2025-05-01;BELO HORIZONTE;2774,83;FUNERAL ;1
2025-05-01;DIVINÓPOLIS;2809,8;FUNERAL ;1
2025-05-01;CONTAGEM;1743,31;FUNERAL ;1
2025-05-01;BOM DESPACHO;1725,46;FUNERAL ;1
2025-05-01;BONITO DE MINAS;2774,83;FUNERAL ;1
2025-05-01;UBERLÂNDIA;1100,0;FUNERAL ;1
2025-05-01;BELO HORIZONTE;2774,83;FUNERAL ;1
2025-05-01;JANAÚBA;2844,2;FUNERAL ;1
2025-05-01;BELO HORIZONTE;2844,2;FUNERAL ;1
2025-05-01;TEÓFILO OTONI;1200,0;FUNERAL ;1
2025-05-01;ITAJUBÁ;1831,57;FUNERAL ;1
2025-05-01;BELO HORIZONTE;1518,0;FUNERAL ;1
2025-05-01;BOM DESPACHO;250,0;FUNERAL ;1
2025-05-01;MURIAÉ;1518,0;FUNERAL ;1
2025-05-01;BOM DESPACHO;1173,26;FUNERAL ;1
2025-05-01;DIVINÓPOLIS;2213,73;FUNERAL ;1
2025-05-01;BELO ORIENTE;1743,31;FUNERAL ;1
2025-05-01;DIVINÓPOLIS;2394,25;FUNERAL ;1
2025-05-01;BELO HORIZONTE;2774,83;FUNERAL ;1
2025-05-01;BONFIM;1400,0;FUNERAL ;1
2025-05-01;UBÁ;2774,83;FUNERAL ;1
2025-05-01;UBÁ;1466,58;FUNERAL ;1
2025-05-01;FORMIGA;2671,68;FUNERAL ;1
2025-05-01;GOVERNADOR VALADARES;2343,6;FUNERAL ;1
2025-05-01;MANHUAÇU;1138,5;NATALIDADE;1
2025-05-01;BELO HORIZONTE;1138,5;NATALIDADE;1
2025-05-01;BELO HORIZONTE;1138,5;NATALIDADE;1
2025-05-01;PARACATU;1138,5;NATALIDADE;1
2025-05-01;MANHUAÇU;1138,5;NATALIDADE;1
2025-05-01;BRASÍLIA DE MINAS;1138,5;NATALIDADE;1
2025-06-01;PRATA;1250,0;FUNERAL ;1
2025-06-01;CATAGUASES;1500,0;FUNERAL ;1
2025-06-01;BETIM;1250,0;FUNERAL ;1
2025-06-01;ESPINOSA;1831,57;FUNERAL ;1
2025-06-01;PIEDADE DO RIO GRANDE;1518,0;FUNERAL ;1
2025-06-01;BRASÍLIA DE MINAS;1518,0;FUNERAL ;1
2025-06-01;BELO HORIZONTE;1518,0;FUNERAL ;1
2025-06-01;BELO HORIZONTE;2129,0;FUNERAL ;1
2025-06-01;ITAMARANDIBA;2384,65;FUNERAL ;1
2025-06-01;PARÁ DE MINAS;1924,29;FUNERAL ;1
2025-06-01;BRASÍLIA DE MINAS;2774,83;FUNERAL ;1
2025-06-01;BOCAIÚVA;1518,0;FUNERAL ;1
2025-06-01;BELO HORIZONTE;2076,0;FUNERAL ;1
2025-06-01;UBERLÂNDIA;1100,0;FUNERAL ;1
2025-06-01;JUATUBA;1412,0;FUNERAL ;1
2025-06-01;FORMIGA;1518,0;FUNERAL ;1
2025-06-01;BELO HORIZONTE;2015,23;FUNERAL ;1
2025-06-01;LAGOA DOURADA;2671,68;FUNERAL ;1
2025-06-01;JANUÁRIA;1518,0;FUNERAL ;1
2025-06-01;PORTEIRINHA;2732,4;FUNERAL ;1
2025-06-01;SÃO SEBASTIÃO DO PARAÍSO;2454,05;FUNERAL ;1
2025-06-01;CONCEIÇÃO DO PARÁ;1450,0;FUNERAL ;1
2025-06-01;ITAJUBÁ;1518,0;FUNERAL ;1
2025-06-01;BELO HORIZONTE;1518,0;FUNERAL ;1
2025-06-01;BRASILÂNDIA DE MINAS;1466,58;FUNERAL ;1
2025-06-01;SALINAS;2838,66;FUNERAL ;1
2025-06-01;BELO HORIZONTE;2774,83;FUNERAL ;1
2025-06-01;COROMANDEL;1995,18;FUNERAL ;1
2025-06-01;DIVINO DAS LARANJEIRAS;2732,4;FUNERAL ;1
2025-06-01;POMPÉU;2640,44;FUNERAL ;1
2025-06-01;DIVINÓPOLIS;2809,8;FUNERAL ;1
2025-06-01;SANTA LUZIA;1965,61;FUNERAL ;1
2025-06-01;BETIM;1600,0;FUNERAL ;1
2025-06-01;NOVO CRUZEIRO;1582,32;FUNERAL ;1
2025-06-01;MACHADO;1540,83;FUNERAL ;1
2025-06-01;IBIRITÉ;1466,58;FUNERAL ;1
2025-06-01;JOÃO MONLEVADE;1518,0;FUNERAL ;1
2025-06-01;DIVERSOS MUNICÍPIOS - ESTADUAL;1947,43;FUNERAL ;1
2025-06-01;OURO PRETO;2102,28;FUNERAL ;1
2025-06-01;MONTE AZUL;2125,2;FUNERAL ;1
2025-06-01;BELO HORIZONTE;1707,75;FUNERAL ;1
2025-06-01;OURO FINO;2774,83;FUNERAL ;1
2025-06-01;PIRAJUBA;1927,91;FUNERAL ;1
2025-06-01;JANAÚBA;2774,83;FUNERAL ;1
2025-06-01;JANAÚBA;1518,0;FUNERAL ;1
2025-06-01;GOVERNADOR VALADARES;2520,19;FUNERAL ;1
2025-06-01;POÇOS DE CALDAS;1646,12;FUNERAL ;1
2025-06-01;FORMIGA;2732,4;FUNERAL ;1
2025-06-01;BELO HORIZONTE;2278,89;FUNERAL ;1
2025-06-01;SALINAS;1138,5;NATALIDADE;1
2025-06-01;ITAMARANDIBA;1138,5;NATALIDADE;1
2025-06-01;CAPELINHA;1138,5;NATALIDADE;1
2025-06-01;MONTES CLAROS;1138,5;NATALIDADE;1
2025-06-01;JOÃO PINHEIRO;1138,5;NATALIDADE;1
2025-06-01;SETE LAGOAS;1138,5;NATALIDADE;1
2025-06-01;CONTAGEM;1138,5;NATALIDADE;1
2025-06-01;JANUÁRIA;1138,5;NATALIDADE;1
2025-07-01;ALVINÓPOLIS;2382,95;FUNERAL ;1
2025-07-01;ARAXÁ;2671,68;FUNERAL ;1
2025-07-01;ARAXÁ;1518,0;FUNERAL ;1
2025-07-01;ARAXÁ;1850,0;FUNERAL ;1
2025-07-01;ARAXÁ;1518,0;FUNERAL ;1
2025-07-01;BELO HORIZONTE;1683,0;FUNERAL ;1
2025-07-01;BELO HORIZONTE;1518,0;FUNERAL ;1
2025-07-01;BELO HORIZONTE;744,7;FUNERAL ;1
2025-07-01;BELO HORIZONTE;1518,0;FUNERAL ;1
2025-07-01;BELO HORIZONTE;1147,29;FUNERAL ;1
2025-07-01;BELO HORIZONTE;1723,04;FUNERAL ;1
2025-07-01;BELO HORIZONTE;2254,23;FUNERAL ;1
2025-07-01;BELO HORIZONTE;1543,72;FUNERAL ;1
2025-07-01;BOM SUCESSO;1518,0;FUNERAL ;1
2025-07-01;BORDA DA MATA;1529,17;FUNERAL ;1
2025-07-01;BRASÍLIA DE MINAS;2671,68;FUNERAL ;1
2025-07-01;BRUMADINHO;1650,82;FUNERAL ;1
2025-07-01;CENTRALINA;1518,0;FUNERAL ;1
2025-07-01;CENTRALINA;2076,16;FUNERAL ;1
2025-07-01;CORONEL FABRICIANO;2589,84;FUNERAL ;1
2025-07-01;CURRAL DE DENTRO;1518,0;FUNERAL ;1
2025-07-01;DIAMANTINA;2671,68;FUNERAL ;1
2025-07-01;DIVINO;1927,91;FUNERAL ;1
2025-07-01;DIVINÓPOLIS;1412,0;FUNERAL ;1
2025-07-01;FRUTAL;1543,72;FUNERAL ;1
2025-07-01;GOVERNADOR VALADARES;1483,08;FUNERAL ;1
2025-07-01;GOVERNADOR VALADARES;1518,0;FUNERAL ;1
2025-07-01;ITAIPÉ;2774,83;FUNERAL ;1
2025-07-01;ITAJUBÁ;1412,0;FUNERAL ;1
2025-07-01;ITAÚNA;265,0;FUNERAL ;1
2025-07-01;JANAÚBA;2200,0;FUNERAL ;1
2025-07-01;JECEABA;1518,0;FUNERAL ;1
2025-07-01;JUATUBA;1518,0;FUNERAL ;1
2025-07-01;JUIZ DE FORA;1707,75;FUNERAL ;1
2025-07-01;MONTES CLAROS;1880,88;FUNERAL ;1
2025-07-01;MONTES CLAROS;1700,0;FUNERAL ;1
2025-07-01;MONTES CLAROS;2178,42;FUNERAL ;1
2025-07-01;PALMÓPOLIS;2179,97;FUNERAL ;1
2025-07-01;PARÁ DE MINAS;2671,68;FUNERAL ;1
2025-07-01;PEDRA AZUL;1030,0;FUNERAL ;1
2025-07-01;PEDRA DO INDAIÁ;1518,0;FUNERAL ;1
2025-07-01;PONTE NOVA;2138,89;FUNERAL ;1
2025-07-01;SÃO JOÃO DEL REI;1412,0;FUNERAL ;1
2025-07-01;SÃO JOÃO DEL REI;1518,0;FUNERAL ;1
2025-07-01;SÃO JOÃO NEPOMUCENO;1466,58;FUNERAL ;1
2025-07-01;SÃO SEBASTIÃO DO MARANHÃO;1518,0;FUNERAL ;1
2025-07-01;TAPIRA;2732,4;FUNERAL ;1
2025-07-01;UBERABA;1518,0;FUNERAL ;1
2025-07-01;UBERLÂNDIA;1100,0;FUNERAL ;1
2025-07-01;UBERLÂNDIA;1518,0;FUNERAL ;1
2025-07-01;VARGINHA;2640,44;FUNERAL ;1
2025-07-01;VISCONDE DO RIO BRANCO;1518,0;FUNERAL ;1
2025-07-01;ALMENARA;1138,5;NATALIDADE;1
2025-07-01;BELO HORIZONTE;1138,5;NATALIDADE;1
2025-07-01;BELO HORIZONTE;1138,5;NATALIDADE;1
2025-07-01;BETIM;1138,5;NATALIDADE;1
2025-07-01;BETIM;1138,5;NATALIDADE;1
2025-07-01;BOCAIÚVA;1138,5;NATALIDADE;1
2025-07-01;CONTAGEM;1138,5;NATALIDADE;1
2025-07-01;DIAMANTINA;1138,5;NATALIDADE;1
2025-07-01;DIVERSOS MUNICÍPIOS - ESTADUAL;1138,5;NATALIDADE;1
2025-07-01;MONTES CLAROS;1138,5;NATALIDADE;1
2025-07-01;MONTES CLAROS;1138,5;NATALIDADE;1
2025-07-01;SALINAS;1138,5;NATALIDADE;1
2025-07-01;TEÓFILO OTONI;1138,5;NATALIDADE;1
2025-08-01;UBERLÂNDIA;1412,0;FUNERAL ;1
2025-08-01;MONTES CLAROS;1809,8;FUNERAL ;1
2025-08-01;LEOPOLDINA;1518,0;FUNERAL ;1
2025-08-01;CENTRALINA;1880,88;FUNERAL ;1
2025-08-01;BELO HORIZONTE;1653,07;FUNERAL ;1
2025-08-01;ITANHOMI;1518,0;FUNERAL ;1
2025-08-01;CALDAS;1924,29;FUNERAL ;1
2025-08-01;PONTE NOVA;1937,41;FUNERAL ;1
2025-08-01;NOVA ERA;2709,82;FUNERAL ;1
2025-08-01;BELO HORIZONTE;2157,67;FUNERAL ;1
2025-08-01;ENGENHEIRO NAVARRO;1518,0;FUNERAL ;1
2025-08-01;PATOS DE MINAS;1750,0;FUNERAL ;1
2025-08-01;OLIVEIRA;2671,68;FUNERAL ;1
2025-08-01;BELO HORIZONTE;1518,0;FUNERAL ;1
2025-08-01;OLIVEIRA;1518,0;FUNERAL ;1
2025-08-01;UBERLÂNDIA;1100,0;FUNERAL ;1
2025-08-01;MANGA;1746,61;FUNERAL ;1
2025-08-01;GOVERNADOR VALADARES;1518,0;FUNERAL ;1
2025-08-01;BELO HORIZONTE;2029,43;FUNERAL ;1
2025-08-01;ITAÚNA;725,0;FUNERAL ;1
2025-08-01;SALINAS;1518,0;FUNERAL ;1
2025-08-01;GOVERNADOR VALADARES;1518,0;FUNERAL ;1
2025-08-01;BELO HORIZONTE;1518,0;FUNERAL ;1
2025-08-01;SALTO DA DIVISA;2000,0;FUNERAL ;1
2025-08-01;VISCONDE DO RIO BRANCO;1518,0;FUNERAL ;1
2025-08-01;SALINAS;1790,27;FUNERAL ;1
2025-08-01;RIO DO PRADO;1518,0;FUNERAL ;1
2025-08-01;CONTAGEM;2003,76;FUNERAL ;1
2025-08-01;RODEIRO;2068,41;FUNERAL ;1
2025-08-01;ARAXÁ;2003,76;FUNERAL ;1
2025-08-01;DORES DO INDAIÁ;2379,6;FUNERAL ;1
2025-08-01;SALINAS;2838,66;FUNERAL ;1
2025-08-01;CARMO DA MATA;2025,51;FUNERAL ;1
2025-08-01;NAZARENO;2454,1;FUNERAL ;1
2025-08-01;PONTE NOVA;1518,0;FUNERAL ;1
2025-08-01;CONTAGEM;1518,0;FUNERAL ;1
2025-08-01;VÁRZEA DA PALMA;2292,63;FUNERAL ;1
2025-08-01;VÁRZEA DA PALMA;1543,72;FUNERAL ;1
2025-08-01;PEDRO LEOPOLDO;1518,0;FUNERAL ;1
2025-08-01;ARCOS;1900,0;FUNERAL ;1
2025-08-01;BRASÍLIA DE MINAS;2671,68;FUNERAL ;1
2025-08-01;MONTES CLAROS;2076,8;FUNERAL ;1
2025-08-01;SÃO SEBASTIÃO DO PARAÍSO;2732,4;FUNERAL ;1
2025-08-01;CHAPADA GAÚCHA;1518,0;FUNERAL ;1
2025-08-01;ESMERALDAS;1518,0;FUNERAL ;1
2025-08-01;BELO HORIZONTE;2003,76;FUNERAL ;1
2025-08-01;OURO PRETO;2003,76;FUNERAL ;1
2025-08-01;GUIMARÂNIA;1700,81;FUNERAL ;1
2025-08-01;CAMPO BELO;2500,0;FUNERAL ;1
2025-08-01;CONTAGEM;1302,0;FUNERAL ;1
2025-08-01;BELO HORIZONTE;1138,5;NATALIDADE;1
2025-08-01;BELO HORIZONTE;1138,5;NATALIDADE;1
2025-08-01;ITAMARANDIBA;1138,5;NATALIDADE;1
2025-08-01;SETE LAGOAS;1138,5;NATALIDADE;1
2025-08-01;BELO HORIZONTE;1138,5;NATALIDADE;1
2025-08-01;BELO HORIZONTE;1138,5;NATALIDADE;1
2025-08-01;MONTES CLAROS;1138,5;NATALIDADE;1
2025-08-01;PEDRA AZUL;1059,0;NATALIDADE;1
2025-09-01;BRASÍLIA DE MINAS;1626,43;FUNERAL ;1
2025-09-01;LUZ;2844,2;FUNERAL ;1
2025-09-01;PARACATU;2671,68;FUNERAL ;1
2025-09-01;VESPASIANO;1543,72;FUNERAL ;1
2025-09-01;JEQUITINHONHA;1518,0;FUNERAL ;1
2025-09-01;MONTES CLAROS;1542,72;FUNERAL ;1
2025-09-01;IPATINGA;1518,0;FUNERAL ;1
2025-09-01;BELO HORIZONTE;1662,42;FUNERAL ;1
2025-09-01;CONSELHEIRO LAFAIETE;1790,27;FUNERAL ;1
2025-09-01;PATOS DE MINAS;2004,75;FUNERAL ;1
2025-09-01;CENTRAL DE MINAS;2130,84;FUNERAL ;1
2025-09-01;JUIZ DE FORA;1412,0;FUNERAL ;1
2025-09-01;ARAXÁ;2691,28;FUNERAL ;1
2025-09-01;UBERLÂNDIA;1518,0;FUNERAL ;1
2025-09-01;DIVINÓPOLIS;1518,0;FUNERAL ;1
2025-09-01;JEQUITINHONHA;2701,81;FUNERAL ;1
2025-09-01;BELO HORIZONTE;917,95;FUNERAL ;1
2025-09-01;TEÓFILO OTONI;1518,0;FUNERAL ;1
2025-09-01;BELO HORIZONTE;1703,99;FUNERAL ;1
2025-09-01;LIMA DUARTE;1518,0;FUNERAL ;1
2025-09-01;UBERLÂNDIA;1518,0;FUNERAL ;1
2025-09-01;UBÁ;2003,76;FUNERAL ;1
2025-09-01;CONTAGEM;2812,11;FUNERAL ;1
2025-09-01;BELO HORIZONTE;1518,0;FUNERAL ;1
2025-09-01;GUARARÁ;2263,71;FUNERAL ;1
2025-09-01;JUIZ DE FORA;1869,38;FUNERAL ;1
2025-09-01;BELO HORIZONTE;2185,75;FUNERAL ;1
2025-09-01;BOM DESPACHO;1518,0;FUNERAL ;1
2025-09-01;OLIVEIRA;1718,0;FUNERAL ;1
2025-09-01;ALVINÓPOLIS;1669,8;FUNERAL ;1
2025-09-01;BELO HORIZONTE;2235,68;FUNERAL ;1
2025-09-01;LEOPOLDINA;1543,72;FUNERAL ;1
2025-09-01;BELO HORIZONTE;2761,17;FUNERAL ;1
2025-09-01;LAVRAS;1746,61;FUNERAL ;1
2025-09-01;MONTE AZUL;1935,45;FUNERAL ;1
2025-09-01;UBERABA;1703,99;FUNERAL ;1
2025-09-01;ARAXÁ;1518,0;FUNERAL ;1
2025-09-01;CARATINGA;1059,0;NATALIDADE;1
2025-09-01;JANUÁRIA;1138,5;NATALIDADE;1
2025-09-01;JOÃO PINHEIRO;1138,5;NATALIDADE;1
2025-09-01;TEÓFILO OTONI;1138,5;NATALIDADE;1
2025-09-01;BELO HORIZONTE;1138,5;NATALIDADE;1
2025-09-01;MANHUAÇU;1138,5;NATALIDADE;1
2025-10-01;DIVERSOS MUNICÍPIOS - ESTADUAL;2458,72;FUNERAL ;1
2025-10-01;BELO HORIZONTE;2555,99;FUNERAL ;1
2025-10-01;SANTA LUZIA;1850,06;FUNERAL ;1
2025-10-01;SETE LAGOAS;1518,0;FUNERAL ;1
2025-10-01;BRASÍLIA DE MINAS;1835,01;FUNERAL ;1
2025-10-01;ÁGUAS FORMOSAS;1518,0;FUNERAL ;1
2025-10-01;NACIP RAYDAN;1518,0;FUNERAL ;1
2025-10-01;BELO HORIZONTE;2128,1;FUNERAL ;1
2025-10-01;BELO HORIZONTE;933,9;FUNERAL ;1
2025-10-01;ENGENHEIRO CALDAS;1835,01;FUNERAL ;1
2025-10-01;MONTES CLAROS;1518,0;FUNERAL ;1
2025-10-01;CENTRALINA;1518,0;FUNERAL ;1
2025-10-01;NACIP RAYDAN;1518,0;FUNERAL ;1
2025-10-01;SÃO JOÃO DO MANTENINHA;1518,0;FUNERAL ;1
2025-10-01;UBERABA;1802,17;FUNERAL ;1
2025-10-01;PATOS DE MINAS;2025,51;FUNERAL ;1
2025-10-01;TEÓFILO OTONI;2290,01;FUNERAL ;1
2025-10-01;GOVERNADOR VALADARES;1790,27;FUNERAL ;1
2025-10-01;VÁRZEA DA PALMA;1529,58;FUNERAL ;1
2025-10-01;GOVERNADOR VALADARES;2346,63;FUNERAL ;1
2025-10-01;UBERLÂNDIA;1518,0;FUNERAL ;1
2025-10-01;DIVINÓPOLIS;1908,15;FUNERAL ;1
2025-10-01;CONGONHAS;1927,91;FUNERAL ;1
2025-10-01;ARAXÁ;2378,0;FUNERAL ;1
2025-10-01;BOA ESPERANÇA;1518,0;FUNERAL ;1
2025-10-01;CORONEL FABRICIANO;1400,0;FUNERAL ;1
2025-10-01;DIVERSOS MUNICÍPIOS - ESTADUAL;2502,85;FUNERAL ;1
2025-10-01;DIVERSOS MUNICÍPIOS - ESTADUAL;1412,0;FUNERAL ;1
2025-10-01;CONTAGEM;1880,88;FUNERAL ;1
2025-10-01;GOVERNADOR VALADARES;1412,0;FUNERAL ;1
2025-10-01;OLIVEIRA;2211,94;FUNERAL ;1
2025-10-01;ITABIRINHA;1070,0;FUNERAL ;1
2025-10-01;MONTES CLAROS;2003,76;FUNERAL ;1
2025-10-01;TEÓFILO OTONI;1576,0;FUNERAL ;1
2025-10-01;RAUL SOARES;1877,36;FUNERAL ;1
2025-10-01;GONZAGA;1518,0;FUNERAL ;1
2025-10-01;ITAPECERICA;2348,55;FUNERAL ;1
2025-10-01;CONTAGEM;2068,41;FUNERAL ;1
2025-10-01;TIMÓTEO;1976,11;FUNERAL ;1
2025-10-01;PORTEIRINHA;2184,19;FUNERAL ;1
2025-10-01;JANUÁRIA;1567,4;FUNERAL ;1
2025-10-01;ITAÚNA;1890,4;FUNERAL ;1
2025-10-01;DIVERSOS MUNICÍPIOS - ESTADUAL;2003,76;FUNERAL ;1
2025-10-01;ALMENARA;2732,4;FUNERAL ;1
2025-10-01;BELO HORIZONTE;1518,0;FUNERAL ;1
2025-10-01;CONTAGEM;1138,5;NATALIDADE;1
2025-10-01;BELO HORIZONTE;1138,5;NATALIDADE;1
2025-10-01;DIAMANTINA;1138,5;NATALIDADE;1
2025-10-01;PONTE NOVA;1138,5;NATALIDADE;1
2025-10-01;BELO HORIZONTE;1138,5;NATALIDADE;1
2025-10-01;BELO HORIZONTE;1138,5;NATALIDADE;1
2025-11-01;PERDIGÃO;2671,68;FUNERAL ;1
2025-11-01;BELO HORIZONTE;2796,75;FUNERAL ;1
2025-11-01;MEDINA;2774,83;FUNERAL ;1
2025-11-01;ARANTINA;1518,0;FUNERAL ;1
2025-11-01;RIO PARDO DE MINAS;2724,67;FUNERAL ;1
2025-11-01;FERROS;1518,0;FUNERAL ;1
2025-11-01;ALMENARA;2520,19;FUNERAL ;1
2025-11-01;BELO HORIZONTE;2065,54;FUNERAL ;1
2025-11-01;CRISTIANO OTONI;2025,51;FUNERAL ;1
2025-11-01;ALMENARA;1518,0;FUNERAL ;1
2025-11-01;BELO HORIZONTE;1518,0;FUNERAL ;1
2025-11-01;MONTES CLAROS;1582,32;FUNERAL ;1
2025-11-01;IPABA;1518,0;FUNERAL ;1
2025-11-01;BELO HORIZONTE;1742,17;FUNERAL ;1
2025-11-01;BELO HORIZONTE;1518,0;FUNERAL ;1
2025-11-01;SETE LAGOAS;1280,0;FUNERAL ;1
2025-11-01;CONTAGEM;2299,66;FUNERAL ;1
2025-11-01;BOM SUCESSO;1551,57;FUNERAL ;1
2025-11-01;ITAÚNA;1518,0;FUNERAL ;1
2025-11-01;BELO HORIZONTE;2409,25;FUNERAL ;1
2025-11-01;TEÓFILO OTONI;2100,0;FUNERAL ;1
2025-11-01;JUIZ DE FORA;2505,38;FUNERAL ;1
2025-11-01;RIBEIRÃO DAS NEVES;2330,63;FUNERAL ;1
2025-11-01;BAEPENDI;2679,14;FUNERAL ;1
2025-11-01;GUIMARÂNIA;1500,0;FUNERAL ;1
2025-11-01;PERDÕES;1518,0;FUNERAL ;1
2025-11-01;IBIRITÉ;1518,0;FUNERAL ;1
2025-11-01;BELO HORIZONTE;1518,0;FUNERAL ;1
2025-11-01;JUIZ DE FORA;2003,76;FUNERAL ;1
2025-11-01;PALMA;1412,0;FUNERAL ;1
2025-11-01;CORONEL FABRICIANO;1518,0;FUNERAL ;1
2025-11-01;LAVRAS;1518,0;FUNERAL ;1
2025-11-01;UBÁ;1110,0;FUNERAL ;1
2025-11-01;PIUMHI;1662,42;FUNERAL ;1
2025-11-01;GOVERNADOR VALADARES;1518,0;FUNERAL ;1
2025-11-01;CONTAGEM;1800,0;FUNERAL ;1
2025-11-01;BELO HORIZONTE;1808,45;FUNERAL ;1
2025-11-01;GUARANI;1800,0;FUNERAL ;1
2025-11-01;CORONEL FABRICIANO;1518,0;FUNERAL ;1
2025-11-01;PEDRA AZUL;1138,5;NATALIDADE;1
2025-11-01;BELO HORIZONTE;1138,5;NATALIDADE;1
2025-11-01;BELO HORIZONTE;1138,5;NATALIDADE;1
2025-11-01;POUSO ALEGRE;1138,5;NATALIDADE;1
2025-11-01;CONSELHEIRO LAFAIETE;1707,75;NATALIDADE;1
2025-11-01;BELO HORIZONTE;1138,5;NATALIDADE;1
2025-11-01;BELO HORIZONTE;1138,5;NATALIDADE;1
2025-11-01;SANTA MARIA DO SUAÇUÍ;1138,5;NATALIDADE;1
2025-11-01;UBERLÂNDIA;1138,5;NATALIDADE;1
2025-11-01;SALINAS;1138,5;NATALIDADE;1
2025-12-01;JUIZ DE FORA;2004,75;FUNERAL ;1
2025-12-01;CONTAGEM;1480,0;FUNERAL ;1
2025-12-01;POUSO ALEGRE;2583,13;FUNERAL ;1
2025-12-01;MONTES CLAROS;1568,98;FUNERAL ;1
2025-12-01;MARIANA;1662,42;FUNERAL ;1
2025-12-01;PIUMHI;1789,45;FUNERAL ;1
2025-12-01;UBERLÂNDIA;1450,0;FUNERAL ;1
2025-12-01;UBÁ;2017,95;FUNERAL ;1
2025-12-01;MONTE CARMELO;1518,0;FUNERAL ;1
2025-12-01;GOVERNADOR VALADARES;1518,0;FUNERAL ;1
2025-12-01;LAGOA SANTA;2216,42;FUNERAL ;1
2025-12-01;SÃO JOÃO NEPOMUCENO;2158,89;FUNERAL ;1
2025-12-01;CONTAGEM;1927,91;FUNERAL ;1
2025-12-01;MADRE DE DEUS DE MINAS;2025,51;FUNERAL ;1
2025-12-01;IBIRITÉ;2808,31;FUNERAL ;1
2025-12-01;FORMIGA;1518,0;FUNERAL ;1
2025-12-01;BELO HORIZONTE;2006,28;FUNERAL ;1
2025-12-01;CONTAGEM;1518,0;FUNERAL ;1
2025-12-01;BELO HORIZONTE;2257,06;FUNERAL ;1
2025-12-01;POTÉ;1000,0;FUNERAL ;1
2025-12-01;CAMPOS ALTOS;1518,0;FUNERAL ;1
2025-12-01;NEPOMUCENO;2268,18;FUNERAL ;1
2025-12-01;JUIZ DE FORA;2088,42;FUNERAL ;1
2025-12-01;CAPINÓPOLIS;1518,0;FUNERAL ;1
2025-12-01;PATROCÍNIO;1518,0;FUNERAL ;1
2025-12-01;TEÓFILO OTONI;1746,61;FUNERAL ;1
2025-12-01;MONTES CLAROS;1543,72;FUNERAL ;1
2025-12-01;JOÃO PINHEIRO;1976,11;FUNERAL ;1
2025-12-01;CAJURI;1518,0;FUNERAL ;1
2025-12-01;OLIVEIRA;1518,0;FUNERAL ;1
2025-12-01;UBÁ;1110,0;FUNERAL ;1
2025-12-01;GOVERNADOR VALADARES;1490,0;FUNERAL ;1
2025-12-01;ARAXÁ;1240,0;FUNERAL ;1
2025-12-01;MARIANA;2025,51;FUNERAL ;1
2025-12-01;RIO POMBA;1518,0;FUNERAL ;1
2025-12-01;IBIRITÉ;1518,0;FUNERAL ;1
2025-12-01;CONTAGEM;2025,51;FUNERAL ;1
2025-12-01;DIVINÓPOLIS;1518,0;FUNERAL ;1
2025-12-01;POUSO ALEGRE;1138,5;NATALIDADE;1
2025-12-01;BRASILÂNDIA DE MINAS;1138,5;NATALIDADE;1
2025-12-01;BELO HORIZONTE;1138,5;NATALIDADE;1
2025-12-01;BELO HORIZONTE;1138,5;NATALIDADE;1
2025-12-01;ARAXÁ;1138,5;NATALIDADE;1
2025-12-01;MONTES CLAROS;1138,5;NATALIDADE;1
2025-12-01;BELO HORIZONTE;1138,5;NATALIDADE;1
2025-12-01;SETE LAGOAS;1138,5;NATALIDADE;1
2025-12-01;BELO HORIZONTE;1138,5;NATALIDADE;1
2026-01-01;TRÊS CORAÇÕES;1980,33;FUNERAL ;1
2026-01-01;PIUMHI;1243,0;FUNERAL ;1
2026-01-01;DIVINÓPOLIS;1518,0;FUNERAL ;1
2026-01-01;PARACATU;1518,0;FUNERAL ;1
2026-01-01;ITAIPÉ;1880,88;FUNERAL ;1
2026-01-01;SÃO FRANCISCO;1518,0;FUNERAL ;1
2026-01-01;PARACATU;1518,0;FUNERAL ;1
2026-01-01;MONTES CLAROS;2671,68;FUNERAL ;1
2026-01-01;ARAÇUAÍ;2450,0;FUNERAL ;1
2026-01-01;UBÁ;1590,0;FUNERAL ;1
2026-01-01;BRASÍLIA DE MINAS;2370,24;FUNERAL ;1
2026-01-01;BELO HORIZONTE;1518,0;FUNERAL ;1
2026-01-01;DIVERSOS MUNICÍPIOS - ESTADUAL;2249,08;FUNERAL ;1
2026-01-01;VAZANTE;1518,0;FUNERAL ;1
2026-01-01;PEDRO LEOPOLDO;1746,61;FUNERAL ;1
2026-01-01;BELO HORIZONTE;1518,0;FUNERAL ;1
2026-01-01;ITAJUBÁ;1518,0;FUNERAL ;1
2026-01-01;FORMIGA;1885,93;FUNERAL ;1
2026-01-01;CATAGUASES;1500,0;FUNERAL ;1
2026-01-01;SÃO FRANCISCO;1518,0;FUNERAL ;1
2026-01-01;BELO HORIZONTE;1992,0;FUNERAL ;1
2026-01-01;OLIVEIRA;2146,89;FUNERAL ;1
2026-01-01;NOVA LIMA;1350,0;FUNERAL ;1
2026-01-01;BELO HORIZONTE;2952,35;FUNERAL ;1
2026-01-01;BELO HORIZONTE;1518,0;FUNERAL ;1
2026-01-01;MANGA;1518,0;FUNERAL ;1
2026-01-01;CAMPANHA;1927,91;FUNERAL ;1
2026-01-01;DIVERSOS MUNICÍPIOS - ESTADUAL;2671,68;FUNERAL ;1
2026-01-01;VAZANTE;2158,89;FUNERAL ;1
2026-01-01;JEQUITINHONHA;2838,66;FUNERAL ;1
2026-01-01;SERRA DOS AIMORÉS;1518,0;FUNERAL ;1
2026-01-01;TEÓFILO OTONI;2277,0;FUNERAL ;1
2026-01-01;UBÁ;1800,0;FUNERAL ;1
2026-01-01;MOEMA;1880,88;FUNERAL ;1
2026-01-01;FORMIGA;2250,67;FUNERAL ;1
2026-01-01;CABECEIRA GRANDE;1518,0;FUNERAL ;1
2026-01-01;GOIANÁ;1320,0;FUNERAL ;1
2026-01-01;SÃO JOÃO DA PONTE;2700,0;FUNERAL ;1
2026-01-01;MANHUAÇU;1138,5;NATALIDADE;1
2026-02-01;MONTES CLAROS;2781,76;FUNERAL ;1
2026-02-01;SABARÁ;1518,0;FUNERAL ;1
2026-02-01;ARAXÁ;2003,76;FUNERAL ;1
2026-02-01;MONTES CLAROS;1518,0;FUNERAL ;1
2026-02-01;ESPINOSA;1518,0;FUNERAL ;1
2026-02-01;PASSA TEMPO;2219,0;FUNERAL ;1
2026-02-01;PATROCÍNIO;1500,0;FUNERAL ;1
2026-02-01;UBERABA;2227,45;FUNERAL ;1
2026-02-01;BELO HORIZONTE;1551,57;FUNERAL ;1
2026-02-01;BRASÍLIA DE MINAS;1621,0;FUNERAL ;1
2026-02-01;ITABIRA;2920,79;FUNERAL ;1
2026-02-01;SABINÓPOLIS;1500,0;FUNERAL ;1
2026-02-01;JUIZ DE FORA;2671,68;FUNERAL ;1
2026-02-01;JANAÚBA;2732,4;FUNERAL ;1
2026-02-01;ARAXÁ;1621,0;FUNERAL ;1
2026-02-01;SARZEDO;1850,0;FUNERAL ;1
2026-02-01;BELO HORIZONTE;2993,8;FUNERAL ;1
2026-02-01;VIRGINÓPOLIS;1138,5;NATALIDADE;1
2026-02-01;BELO HORIZONTE;1215,75;NATALIDADE;1
2026-02-01;OLIVEIRA;1215,75;NATALIDADE;1
2026-02-01;MANHUAÇU;1138,5;NATALIDADE;1
2026-02-01;BRUMADINHO;1215,75;NATALIDADE;1
2026-02-01;SALINAS;1138,5;NATALIDADE;1
2026-02-01;MANHUAÇU;1215,75;NATALIDADE;1
2026-03-26;ÁGUA BOA;560,0;FUNERAL ;1
2026-03-26;BELO HORIZONTE;1582,32;FUNERAL ;1
2026-03-26;ARAÇUAÍ;2732,4;FUNERAL ;1
2026-03-26;PASSOS;1518,0;FUNERAL ;1
2026-03-26;ITURAMA;1571,95;FUNERAL ;1
2026-03-26;CAPIM BRANCO;480,0;FUNERAL ;1
2026-03-26;ALFENAS;2920,79;FUNERAL ;1
2026-03-26;UBERABA;1539,22;FUNERAL ;1
2026-03-26;TEÓFILO OTONI;1621,0;FUNERAL ;1
2026-03-26;BOCAIÚVA;1518,0;FUNERAL ;1
2026-03-26;OLIVEIRA;2948,07;FUNERAL ;1
2026-03-26;CURRAL DE DENTRO;2139,73;FUNERAL ;1
2026-03-26;BELO HORIZONTE;1272,6;FUNERAL ;1
2026-03-26;MONTE CARMELO;1621,0;FUNERAL ;1
2026-03-26;SÃO FRANCISCO;1518,0;FUNERAL ;1
2026-03-26;BELO HORIZONTE;1933,99;FUNERAL ;1
2026-03-26;MARIANA;1518,0;FUNERAL ;1
2026-03-26;DIAMANTINA;1621,0;FUNERAL ;1
2026-03-26;SÃO FRANCISCO;1661,11;FUNERAL ;1
2026-03-26;NOVO CRUZEIRO;1621,0;FUNERAL ;1
2026-03-26;OURO BRANCO;1500,0;FUNERAL ;1
2026-03-26;CATAGUASES;2671,68;FUNERAL ;1
2026-03-26;BELO HORIZONTE;2957,59;FUNERAL ;1
2026-03-26;CONTAGEM;2957,58;FUNERAL ;1
2026-03-26;JANUÁRIA;2000,03;FUNERAL ;1
2026-03-26;PEDRALVA;2917,8;FUNERAL ;1
2026-03-26;SENADOR FIRMINO;1621,0;FUNERAL ;1
2026-03-26;PATOS DE MINAS;2857,59;FUNERAL ;1
2026-03-26;OURO PRETO;2957,59;FUNERAL ;1
2026-03-26;TEÓFILO OTONI;1855,76;FUNERAL ;1
2026-03-26;MOEMA;1790,27;FUNERAL ;1
2026-03-26;LUISLÂNDIA;2920,79;FUNERAL ;1
2026-03-26;NOVA LIMA;2920,79;FUNERAL ;1
2026-03-26;SÃO JOÃO DEL REI;2002,39;FUNERAL ;1
2026-03-26;ITACARAMBI;1621,0;FUNERAL ;1
2026-03-26;DORES DO INDAIÁ;1587,42;FUNERAL ;1
2026-03-26;UBERABA;1621,0;FUNERAL ;1
2026-03-26;TEÓFILO OTONI;2920,79;FUNERAL ;1
2026-03-26;PALMÓPOLIS;1621,0;FUNERAL ;1
2026-03-26;UBÁ;1110,0;FUNERAL ;1
2026-03-26;SANTA BÁRBARA;1621,0;FUNERAL ;1
2026-03-26;BELO HORIZONTE;1621,0;FUNERAL ;1
2026-03-26;POUSO ALEGRE;2650,0;FUNERAL ;1
2026-03-26;SALINAS;1621,0;FUNERAL ;1
2026-03-26;CONSELHEIRO LAFAIETE;1621,88;FUNERAL ;1
2026-03-26;ÁGUA BOA;1621,0;FUNERAL ;1
2026-03-26;DIVINÓPOLIS;1621,0;FUNERAL ;1
2026-03-26;JANUÁRIA;2957,59;FUNERAL ;1
2026-03-26;MONTES CLAROS;2431,5;FUNERAL ;1
2026-03-26;FELISBURGO;1621,0;FUNERAL ;1
2026-03-26;PARACATU;2181,26;FUNERAL ;1
2026-03-26;NEPOMUCENO;2451,03;FUNERAL ;1
2026-03-26;JEQUITINHONHA;2917,8;FUNERAL ;1
2026-03-26;SABINÓPOLIS;2920,79;FUNERAL ;1
2026-03-26;DIVINÓPOLIS;1621,0;FUNERAL ;1
2026-03-26;ITAÚNA;1621,0;FUNERAL ;1
2026-03-26;PATROCÍNIO;1880,88;FUNERAL ;1
2026-03-26;SÃO GONÇALO DO SAPUCAÍ;2800,0;FUNERAL ;1
2026-03-26;NOVA SERRANA;1621,0;FUNERAL ;1
2026-03-26;MANHUAÇU;1215,75;NATALIDADE;1
2026-03-26;TEÓFILO OTONI;1215,75;NATALIDADE;1
2026-03-26;PALMA;1215,75;NATALIDADE;1
2026-03-26;BELO HORIZONTE;1215,75;NATALIDADE;1
2026-03-26;JANUÁRIA;1215,75;NATALIDADE;1
2026-03-26;BELO HORIZONTE;1215,75;NATALIDADE;1
2026-04-01;DIVERSOS MUNICÍPIOS - ESTADUAL;1518,0;FUNERAL ;1
2026-04-01;SENADOR FIRMINO;1621,0;FUNERAL ;1
2026-04-01;ARAXÁ;1621,0;FUNERAL ;1
2026-04-01;NANUQUE;1621,0;FUNERAL ;1
2026-04-01;BRASÍLIA DE MINAS;2917,8;FUNERAL ;1
2026-04-01;SÃO PEDRO DO SUAÇUÍ;1543,72;FUNERAL ;1
2026-04-01;RESENDE COSTA;2849,62;FUNERAL ;1
2026-04-01;GOVERNADOR VALADARES;1621,0;FUNERAL ;1
2026-04-01;BRASÍLIA DE MINAS;2285,67;FUNERAL ;1
2026-04-01;DIVERSOS MUNICÍPIOS - ESTADUAL;2376,61;FUNERAL ;1
2026-04-01;BELO HORIZONTE;2216,82;FUNERAL ;1
2026-04-01;BELO HORIZONTE;1746,61;FUNERAL ;1
2026-04-01;DIVINÓPOLIS;1518,0;FUNERAL ;1
2026-04-01;CÓRREGO FUNDO;1835,01;FUNERAL ;1
2026-04-01;PIRACEMA;1250,0;FUNERAL ;1
2026-04-01;PATOS DE MINAS;1500,0;FUNERAL ;1
2026-04-01;MONTES CLAROS;2920,79;FUNERAL ;1
2026-04-01;BELO HORIZONTE;2387,47;FUNERAL ;1
2026-04-01;BELO HORIZONTE;2308,62;FUNERAL ;1
2026-04-01;SANTA LUZIA;1621,0;FUNERAL ;1
2026-04-01;GOVERNADOR VALADARES;2227,45;FUNERAL ;1
2026-04-01;DIVINÓPOLIS;980,0;FUNERAL ;1
2026-04-01;SANTANA DO JACARÉ;1621,88;FUNERAL ;1
2026-04-01;PIRACEMA;2920,79;FUNERAL ;1
2026-04-01;ARAÇUAÍ;2700,0;FUNERAL ;1
2026-04-01;LIMA DUARTE;1621,0;FUNERAL ;1
2026-04-01;TEÓFILO OTONI;1621,0;FUNERAL ;1
2026-04-01;BOM DESPACHO;2264,58;FUNERAL ;1
2026-04-01;SALINAS;1927,91;FUNERAL ;1
2026-04-01;BELO HORIZONTE;1215,75;NATALIDADE;1
2026-04-01;JEQUITINHONHA;1215,75;NATALIDADE;1
2026-04-01;MANHUAÇU;1215,75;NATALIDADE;1
2026-04-01;MURIAÉ;1215,75;NATALIDADE;1
2026-04-01;JANUÁRIA;1215,75;NATALIDADE;1
2026-04-01;PASSOS;1215,75;NATALIDADE;1
2026-05-01;UBERLÂNDIA;1650,0;FUNERAL ;1
2026-05-01;VARGINHA;938,0;FUNERAL ;1
2026-05-01;MONTES CLAROS;2993,8;FUNERAL ;1
2026-05-01;ITUMIRIM;2268,18;FUNERAL ;1
2026-05-01;LAVRAS;2993,8;FUNERAL ;1
2026-05-01;UBÁ;1800,0;FUNERAL ;1
2026-05-01;TEÓFILO OTONI;2450,0;FUNERAL ;1
2026-05-01;BELO HORIZONTE;1621,0;FUNERAL ;1
2026-05-01;MONTES CLAROS;2324,89;FUNERAL ;1
2026-05-01;CAMPO BELO;1621,0;FUNERAL ;1
2026-05-01;BELO HORIZONTE;2920,79;FUNERAL ;1
2026-05-01;MONTES CLAROS;1621,0;FUNERAL ;1
2026-05-01;CARMÓPOLIS DE MINAS;1927,91;FUNERAL ;1
2026-05-01;CONTAGEM;1927,91;FUNERAL ;1
2026-05-01;ENGENHEIRO CALDAS;1880,88;FUNERAL ;1
2026-05-01;CATAGUASES;2139,72;FUNERAL ;1
2026-05-01;BRASÍLIA DE MINAS;2920,79;FUNERAL ;1
2026-05-01;SETE LAGOAS;1200,0;FUNERAL ;1
2026-05-01;BAMBUÍ;2235,71;FUNERAL ;1
2026-05-01;UBÁ;2126,92;FUNERAL ;1
2026-05-01;MIRAVÂNIA;2684,49;FUNERAL ;1
2026-05-01;PATOS DE MINAS;2993,8;FUNERAL ;1
2026-05-01;PASSOS;2993,8;FUNERAL ;1
2026-05-01;UBÁ;1621,0;FUNERAL ;1
2026-05-01;SALINAS;1621,0;FUNERAL ;1
2026-05-01;SANTA MARIA DO SUAÇUÍ;2917,8;FUNERAL ;1
2026-05-01;GOVERNADOR VALADARES;1621,0;FUNERAL ;1
2026-05-01;MONTES CLAROS;1746,61;FUNERAL ;1
2026-05-01;CAPELINHA;2048,88;FUNERAL ;1
2026-05-01;BRASÍLIA DE MINAS;1746,61;FUNERAL ;1
2026-05-01;PIRANGA;1799,07;FUNERAL ;1
2026-05-01;BRASILÂNDIA DE MINAS;2431,5;FUNERAL ;1
2026-05-01;JANUÁRIA;2920,79;FUNERAL ;1
2026-05-01;MONTES CLAROS;1621,0;FUNERAL ;1
2026-05-01;DIVINÓPOLIS;1621,0;FUNERAL ;1
2026-05-01;UBERLÂNDIA;1605,0;FUNERAL ;1
2026-05-01;PIUMHI;1621,88;FUNERAL ;1
2026-05-01;CATAGUASES;1302,0;FUNERAL ;1
2026-05-01;COROMANDEL;1824,04;FUNERAL ;1
2026-05-01;ARAXÁ;1621,0;FUNERAL ;1
2026-05-01;ARAÚJOS;1746,61;FUNERAL ;1
2026-05-01;ERVÁLIA;1621,0;FUNERAL ;1
2026-05-01;NOVO CRUZEIRO;1500,0;FUNERAL ;1
2026-05-01;SÃO SEBASTIÃO DO PARAÍSO;1215,75;NATALIDADE;1
2026-05-02;SÃO SEBASTIÃO DO PARAÍSO;1823,63;NATALIDADE;1
2026-05-03;JANUÁRIA;1215,75;NATALIDADE;1
2026-05-04;MANHUAÇU;1215,75;NATALIDADE;1
2026-05-05;FORMIGA;1215,75;NATALIDADE;1
2026-05-06;MANHUAÇU;1215,75;NATALIDADE;1
2026-05-07;PONTE NOVA;1215,75;NATALIDADE;1
2026-05-08;MONTES CLAROS;1215,75;NATALIDADE;1
2026-06-01;ARCOS;1621,0;FUNERAL ;1
2026-06-01;CORONEL FABRICIANO;2920,79;FUNERAL ;1
2026-06-01;BELO HORIZONTE;2920,79;FUNERAL ;1
2026-06-01;GOVERNADOR VALADARES;2028,17;FUNERAL ;1
2026-06-01;MONTES CLAROS;2852,96;FUNERAL ;1
2026-06-01;BELO HORIZONTE;1982,45;FUNERAL ;1
2026-06-01;CORONEL FABRICIANO;1982,45;FUNERAL ;1
2026-06-01;GUIDOVAL;1621,0;FUNERAL ;1
2026-06-01;ITAMBACURI;1621,0;FUNERAL ;1
2026-06-01;SANTA LUZIA;1703,99;FUNERAL ;1
2026-06-01;UBERLÂNDIA;2957,59;FUNERAL ;1
2026-06-01;DIVERSOS MUNICÍPIOS - ESTADUAL;1621,0;FUNERAL ;1
2026-06-01;CAPIM BRANCO;1621,0;FUNERAL ;1
2026-06-01;PARACATU;2852,96;FUNERAL ;1
2026-06-01;BELO HORIZONTE;1927,91;FUNERAL ;1
2026-06-01;CORONEL MURTA;1508,0;FUNERAL ;1
2026-06-01;MONTES CLAROS;1621,0;FUNERAL ;1
2026-06-01;SÃO GOTARDO;1276,8;FUNERAL ;1
2026-06-01;MONTES CLAROS;2305,36;FUNERAL ;1
2026-06-01;UBERABA;1840,93;FUNERAL ;1
2026-06-01;DIAMANTINA;960,0;FUNERAL ;1
2026-06-01;BELO HORIZONTE;1621,0;FUNERAL ;1
2026-06-01;CORONEL FABRICIANO;1982,45;FUNERAL ;1
2026-06-01;SÃO PEDRO DOS FERROS;2066,79;FUNERAL ;1
2026-06-01;ITANHOMI;2245,91;FUNERAL ;1
2026-06-01;MANHUAÇU;1518,0;FUNERAL ;1
2026-06-01;DIAMANTINA;1700,0;FUNERAL ;1
2026-06-01;IPATINGA;1886,94;FUNERAL ;1
2026-06-01;UBÁ;1632,62;FUNERAL ;1
2026-06-01;BELO HORIZONTE;619,42;FUNERAL ;1
2026-06-01;MURIAÉ;1621,0;FUNERAL ;1
2026-06-01;DIVERSOS MUNICÍPIOS - ESTADUAL;2920,79;FUNERAL ;1
2026-06-01;SÃO JOÃO DEL REI;1705,02;FUNERAL ;1
2026-06-01;PAPAGAIOS;1886,94;FUNERAL ;1
2026-06-01;PEQUI;2032,02;FUNERAL ;1
2026-06-01;MONTES CLAROS;1621,0;FUNERAL ;1
2026-06-01;BELO HORIZONTE;1621,0;FUNERAL ;1
2026-06-01;SABARÁ;1840,93;FUNERAL ;1
2026-06-01;PATOS DE MINAS;2722,67;FUNERAL ;1
2026-06-01;PARÁ DE MINAS;1215,75;NATALIDADE;1
2026-06-01;MONTES CLAROS;1215,75;NATALIDADE;1
2026-06-01;SÃO JOÃO DEL REI;1215,75;NATALIDADE;1
2026-06-01;TEÓFILO OTONI;1215,75;NATALIDADE;1
2026-06-01;BELO HORIZONTE;1215,75;NATALIDADE;1
2026-07-06;POÇOS DE CALDAS;1603,79;FUNERAL ;1
2026-07-07;BELO HORIZONTE;3747,14;FUNERAL ;1
2026-07-08;BELO HORIZONTE;2583,13;FUNERAL ;1
2026-07-09;UBERLÂNDIA;1605,0;FUNERAL ;1
2026-07-10;LAGOA DA PRATA;1621,0;FUNERAL ;1
2026-07-11;TIMÓTEO;1621,0;FUNERAL ;1
2026-07-12;BELO HORIZONTE;2493,53;FUNERAL ;1
2026-07-13;BELO HORIZONTE;1621,0;FUNERAL ;1
2026-07-14;PIMENTA;1621,0;FUNERAL ;1
2026-07-15;GOVERNADOR VALADARES;1621,0;FUNERAL ;1
2026-07-16;SÃO GONÇALO DO SAPUCAÍ;2113,01;FUNERAL ;1
2026-07-17;SANTO ANTÔNIO DO MONTE;3005,26;FUNERAL ;1
2026-07-18;BELO HORIZONTE;1621,0;FUNERAL ;1
2026-07-19;ALFENAS;1621,0;FUNERAL ;1
2026-07-20;UBÁ;800,0;FUNERAL ;1
2026-07-21;BELO HORIZONTE;2188,36;FUNERAL ;1
2026-07-22;MATIAS BARBOSA;1880,88;FUNERAL ;1
2026-07-23;BELO HORIZONTE;2920,79;FUNERAL ;1
2026-07-24;ITAPECERICA;1621,0;FUNERAL ;1
2026-07-25;CAMPOS ALTOS;1913,95;FUNERAL ;1
2026-07-26;BELO HORIZONTE;2920,79;FUNERAL ;1
2026-07-27;ITAPECERICA;2977,93;FUNERAL ;1
2026-07-28;JUIZ DE FORA;2931,98;FUNERAL ;1
2026-07-29;BELO HORIZONTE;1500,0;FUNERAL ;1
2026-07-30;JUIZ DE FORA;2139,72;FUNERAL ;1
2026-07-31;OLIVEIRA;2917,8;FUNERAL ;1
2026-07-31;BELO HORIZONTE;700,0;FUNERAL ;1
2026-07-31;ITAMBACURI;1627,08;FUNERAL ;1
2026-07-31;MORRO DO PILAR;1621,0;FUNERAL ;1
2026-07-31;PRATÁPOLIS;1700,0;FUNERAL ;1
2026-07-31;ENTRE RIOS DE MINAS;1400,0;FUNERAL ;1
2026-07-31;CARMO DO PARANAÍBA;2433,78;FUNERAL ;1
2026-07-31;JANUÁRIA;1667,77;FUNERAL ;1
2026-07-31;ALMENARA;250,0;FUNERAL ;1
2026-07-31;PATOS DE MINAS;2300,0;FUNERAL ;1
2026-07-31;MATIAS BARBOSA;1518,0;FUNERAL ;1
2026-07-31;DIVERSOS MUNICÍPIOS - ESTADUAL;1520,0;FUNERAL ;1
2026-07-31;ITABIRA;1621,0;FUNERAL ;1
2026-07-31;UNAÍ;1627,08;FUNERAL ;1
2026-07-31;CARATINGA;1436,87;FUNERAL ;1
2026-07-31;BELO HORIZONTE;2666,52;FUNERAL ;1
2026-07-31;CAMPANHA;1652,04;FUNERAL ;1
2026-07-31;CONGONHAL;1621,0;FUNERAL ;1
2026-07-31;SÃO JOÃO DO PARAÍSO;1621,0;FUNERAL ;1
2026-07-31;PATOS DE MINAS;2917,8;FUNERAL ;1
2026-07-31;MONTES CLAROS;2082,82;FUNERAL ;1
2026-07-31;RIO VERMELHO;1796,01;FUNERAL ;1
2026-07-31;PAPAGAIOS;1242,31;FUNERAL ;1
2026-07-31;GUARACIABA;1621,0;FUNERAL ;1
2026-07-31;SETE LAGOAS;2536,47;FUNERAL ;1
2026-07-31;MONTES CLAROS;2248,25;FUNERAL ;1
2026-07-31;UBÁ;1621,0;FUNERAL ;1
2026-07-31;NOVA LIMA;2273,46;FUNERAL ;1
2026-07-31;FORMIGA;2917,8;FUNERAL ;1
2026-07-31;BELO HORIZONTE;1995,79;FUNERAL ;1
2026-07-31;NANUQUE;1621,0;FUNERAL ;1
2026-07-31;MONTES CLAROS;2051,01;FUNERAL ;1
2026-07-31;MEDINA;1621,0;FUNERAL ;1
2026-07-31;DIVINÓPOLIS;1621,0;FUNERAL ;1
2026-07-31;ITAJUBÁ;1518,0;FUNERAL ;1
2026-07-31;CACHOEIRA DE PAJEÚ;1840,93;FUNERAL ;1
2026-07-31;PITANGUI;1627,08;FUNERAL ;1
2026-07-31;UBERLÂNDIA;1450,0;FUNERAL ;1
2026-07-31;NOVA RESENDE;1621,0;FUNERAL ;1
2026-07-31;SÃO VICENTE DE MINAS;1621,0;FUNERAL ;1
2026-07-31;BELO HORIZONTE;1215,75;NATALIDADE;1
2026-07-31;CONTAGEM;1215,75;NATALIDADE;1
2026-07-31;GOVERNADOR VALADARES;1215,75;NATALIDADE;1
2026-07-31;CONTAGEM;1215,75;NATALIDADE;1
2026-07-31;ARCOS;1215,75;NATALIDADE;1
2026-07-31;BELO HORIZONTE;1215,75;NATALIDADE;1
2026-07-31;BELO HORIZONTE;1215,75;NATALIDADE;1
2026-07-31;BELO HORIZONTE;1215,75;NATALIDADE;1
2026-07-31;ITABIRA;1215,75;NATALIDADE;1
2026-07-31;GOVERNADOR VALADARES;1215,75;NATALIDADE;1
2026-07-31;BELO HORIZONTE;1215,75;NATALIDADE;1
2026-07-31;BELO HORIZONTE;1215,75;NATALIDADE;1
2026-08-01;IBIRITÉ;1621,0;FUNERAL ;1
2026-08-01;POUSO ALEGRE;1020,0;FUNERAL ;1
2026-08-01;MONTES CLAROS;1000,0;FUNERAL ;1
2026-08-01;SARZEDO;1621,0;FUNERAL ;1
2026-08-01;BELO HORIZONTE;1621,0;FUNERAL ;1
2026-08-01;CONSELHEIRO LAFAIETE;1621,0;FUNERAL ;1
2026-08-01;BELO HORIZONTE;2704,83;FUNERAL ;1
2026-08-01;JEQUITINHONHA;2917,8;FUNERAL ;1
2026-08-01;ITINGA;1621,0;FUNERAL ;1
2026-08-01;BELO HORIZONTE;2475,04;FUNERAL ;1
2026-08-01;UBERLÂNDIA;1800,0;FUNERAL ;1
2026-08-01;OLIVEIRA;2445,39;FUNERAL ;1
2026-08-01;BELO HORIZONTE;1621,0;FUNERAL ;1
2026-08-01;PEDRAS DE MARIA DA CRUZ;2917,8;FUNERAL ;1
2026-08-01;DIVINÓPOLIS;2816,45;FUNERAL ;1
2026-08-01;BELO HORIZONTE;2690,14;FUNERAL ;1
2026-08-01;BELO HORIZONTE;2139,72;FUNERAL ;1
2026-08-01;MONTES CLAROS;2722,68;FUNERAL ;1
2026-08-01;CARATINGA;950,0;FUNERAL ;1
2026-08-01;MONTES CLAROS;2198,94;FUNERAL ;1
2026-08-01;CONTAGEM;2520,19;FUNERAL ;1
2026-08-01;BELO HORIZONTE;2920,79;FUNERAL ;1
2026-08-01;RIO PIRACICABA;1518,0;FUNERAL ;1
2026-08-01;JOÃO MONLEVADE;1667,77;FUNERAL ;1
2026-08-01;GUARARÁ;2500,0;FUNERAL ;1
2026-08-01;MONTES CLAROS;1621,0;FUNERAL ;1
2026-08-01;ARAXÁ;1621,0;FUNERAL ;1
2026-08-01;BRASILÂNDIA DE MINAS;2904,28;FUNERAL ;1
2026-08-01;SANTO ANTÔNIO DO GRAMA;2656,28;FUNERAL ;1
2026-08-01;SÃO JOÃO DEL REI;1621,0;FUNERAL ;1
2026-08-01;MONTES CLAROS;2458,72;FUNERAL ;1
2026-08-01;NANUQUE;1662,42;FUNERAL ;1
2026-08-01;MUNHOZ;1886,94;FUNERAL ;1
2026-08-01;DIVINÓPOLIS;2250,0;FUNERAL ;1
2026-08-01;CONTAGEM;1543,72;FUNERAL ;1
2026-08-01;SÃO JOSÉ DO GOIABAL;2591,49;FUNERAL ;1
2026-08-01;NANUQUE;1215,75;NATALIDADE;1
2026-08-01;PASSOS;1215,75;NATALIDADE;1
2026-08-01;BELO HORIZONTE;1215,75;NATALIDADE;1
2026-08-01;BELO HORIZONTE;1215,75;NATALIDADE;1
2026-08-01;MONTES CLAROS;1215,75;NATALIDADE;1
2026-09-01;VAZANTE;1917,11;FUNERAL ;1
2026-09-01;BELO HORIZONTE;1388,15;FUNERAL ;1
2026-09-01;JOÃO MONLEVADE;1761,14;FUNERAL ;1
2026-09-01;CARMÓPOLIS DE MINAS;1621,0;FUNERAL ;1
2026-09-01;PONTE NOVA;1621,0;FUNERAL ;1
2026-09-01;JUVENÍLIA;1518,0;FUNERAL ;1
2026-09-01;OURO PRETO;1152,0;FUNERAL ;1
2026-09-01;OLIVEIRA;1902,84;FUNERAL ;1
2026-09-01;CORONEL MURTA;1627,08;FUNERAL ;1
2026-09-01;ITABIRA;1000,0;FUNERAL ;1
2026-09-01;GOVERNADOR VALADARES;1030,0;FUNERAL ;1
2026-09-01;MERCÊS;1621,0;FUNERAL ;1
2026-09-01;TEÓFILO OTONI;822,0;FUNERAL ;1
2026-09-01;JUIZ DE FORA;2083,85;FUNERAL ;1
2026-09-01;EUGENÓPOLIS;2082,82;FUNERAL ;1
2026-09-01;FORMIGA;1621,0;FUNERAL ;1
2026-09-01;DIVERSOS MUNICÍPIOS - ESTADUAL;2891,9;FUNERAL ;1
2026-09-01;CORONEL FABRICIANO;1621,0;FUNERAL ;1
2026-09-01;BELO HORIZONTE;2664,23;FUNERAL ;1
2026-09-01;SÃO GONÇALO DO SAPUCAÍ;1707,18;FUNERAL ;1
2026-09-01;TIMÓTEO;2832,31;FUNERAL ;1
2026-09-01;PARACATU;2066,78;FUNERAL ;1
2026-09-01;BELO HORIZONTE;1621,0;FUNERAL ;1
2026-09-01;DIVERSOS MUNICÍPIOS - ESTADUAL;2920,79;FUNERAL ;1
2026-09-01;SABARÁ;2413,21;FUNERAL ;1
2026-09-01;MONTALVÂNIA;1250,0;FUNERAL ;1
2026-09-01;PASSA TEMPO;2032,02;FUNERAL ;1
2026-09-01;MURIAÉ;1621,0;FUNERAL ;1
2026-09-01;MARTINHO CAMPOS;1621,0;FUNERAL ;1
2026-09-01;SALINAS;2393,8;FUNERAL ;1
2026-09-01;GOVERNADOR VALADARES;1621,0;FUNERAL ;1
2026-09-01;MARTINHO CAMPOS;2078,86;FUNERAL ;1
2026-09-01;SERRA DO SALITRE;1627,08;FUNERAL ;1
2026-09-01;JEQUITINHONHA;1621,0;FUNERAL ;1
2026-09-01;UBERLÂNDIA;1621,0;FUNERAL ;1
2026-09-01;MINAS NOVAS;1621,0;FUNERAL ;1
2026-09-01;SANTA LUZIA;2917,8;FUNERAL ;1
2026-09-01;POUSO ALEGRE;1621,0;FUNERAL ;1
2026-09-01;CATAGUASES;1621,0;FUNERAL ;1
2026-09-01;PITANGUI;965,0;FUNERAL ;1
2026-09-01;PARACATU;2917,8;FUNERAL ;1
2026-09-01;PATROCÍNIO;1256,0;FUNERAL ;1
2026-09-01;VISCONDE DO RIO BRANCO;1621,0;FUNERAL ;1
2026-09-01;ÁGUAS VERMELHAS;1215,75;NATALIDADE;1
2026-09-01;BELO HORIZONTE;1215,75;NATALIDADE;1
2026-09-01;BELO HORIZONTE;1215,75;NATALIDADE;1
2026-09-01;ITABIRA;1215,75;NATALIDADE;1
2026-09-01;JANUÁRIA;1215,75;NATALIDADE;1
2026-09-01;SÃO JOÃO DAS MISSÕES;1215,75;NATALIDADE;1
2026-09-01;MURIAÉ;1215,75;NATALIDADE;1
2026-09-01;MONTES CLAROS;1215,75;NATALIDADE;1
